time_sec,true_intensity,detected_signal
0.000,100.0000,101.9993
0.100,99.9500,103.4460
0.200,99.9000,96.7917
0.300,99.8501,102.8013
0.400,99.8002,99.4017
0.500,99.7503,99.0413
0.600,99.7004,100.7004
0.700,99.6506,102.1674
0.800,99.6008,95.5851
0.900,99.5510,99.9283
1.000,99.5012,100.7585
1.100,99.4515,101.7068
1.200,99.4018,100.9534
1.300,99.3521,97.9139
1.400,99.3024,103.8889
1.500,99.2528,98.6360
1.600,99.2032,101.3849
1.700,99.1536,97.6434
1.800,99.1040,100.5524
1.900,99.0545,98.5361
2.000,99.0050,95.1016
2.100,98.9555,94.2423
2.200,98.9060,99.9006
2.300,98.8566,100.3952
2.400,98.8072,99.6845
2.500,98.7578,99.3937
2.600,98.7084,97.3704
2.700,98.6591,102.9766
2.800,98.6098,99.7652
2.900,98.5605,100.9665
3.000,98.5112,101.6314
3.100,98.4620,104.7309
3.200,98.4127,96.1535
3.300,98.3635,99.3558
3.400,98.3144,98.5167
3.500,98.2652,98.6002
3.600,98.2161,98.6526
3.700,98.1670,95.5491
3.800,98.1179,98.6226
3.900,98.0689,95.2908
4.000,98.0199,99.9083
4.100,97.9709,95.4606
4.200,97.9219,102.3306
4.300,97.8729,98.1016
4.400,97.8240,97.2659
4.500,97.7751,93.2435
4.600,97.7262,96.6247
4.700,97.6774,100.5535
4.800,97.6286,100.5989
4.900,97.5798,97.2815
5.000,97.5310,96.7895
5.100,97.4822,94.2086
5.200,97.4335,96.0459
5.300,97.3848,95.5249
5.400,97.3361,93.2473
5.500,97.2875,99.2095
5.600,97.2388,94.8388
5.700,97.1902,95.2944
5.800,97.1416,101.6788
5.900,97.0931,95.9625
6.000,97.0446,98.9246
6.100,96.9960,96.6990
6.200,96.9476,97.4798
6.300,96.8991,94.6393
6.400,96.8507,101.8152
6.500,96.8022,100.4682
6.600,96.7539,97.3104
6.700,96.7055,94.2775
6.800,96.6572,96.8640
6.900,96.6088,97.3199
7.000,96.5605,96.6637
7.100,96.5123,94.9310
7.200,96.4640,97.4439
7.300,96.4158,96.4207
7.400,96.3676,94.9551
7.500,96.3194,95.7056
7.600,96.2713,95.9699
7.700,96.2232,94.6283
7.800,96.1751,96.4818
7.900,96.1270,95.3143
8.000,96.0789,97.1925
8.100,96.0309,94.8150
8.200,95.9829,100.1258
8.300,95.9349,94.9608
8.400,95.8870,94.9084
8.500,95.8390,92.4380
8.600,95.7911,97.7169
8.700,95.7433,95.0548
8.800,95.6954,96.3297
8.900,95.6476,93.4298
9.000,95.5997,98.3008
9.100,95.5520,98.7367
9.200,95.5042,95.0647
9.300,95.4565,96.8934
9.400,95.4087,98.1521
9.500,95.3610,96.6250
9.600,95.3134,93.9387
9.700,95.2657,95.0153
9.800,95.2181,96.9889
9.900,95.1705,92.9325
10.000,95.1229,95.7725
10.100,95.0754,96.2119
10.200,95.0279,93.0341
10.300,94.9804,96.4312
10.400,94.9329,94.4898
10.500,94.8854,93.2572
10.600,94.8380,93.2777
10.700,94.7906,95.9614
10.800,94.7432,92.8320
10.900,94.6959,94.1047
11.000,94.6485,92.3086
11.100,94.6012,94.2564
11.200,94.5539,93.8735
11.300,94.5066,93.6084
11.400,94.4594,92.6198
11.500,94.4122,95.6265
11.600,94.3650,97.2815
11.700,94.3178,95.7283
11.800,94.2707,92.3083
11.900,94.2236,93.4450
12.000,94.1765,90.8350
12.100,94.1294,95.9426
12.200,94.0823,99.4905
12.300,94.0353,89.9556
12.400,93.9883,93.5695
12.500,93.9413,97.8573
12.600,93.8943,95.7721
12.700,93.8474,96.1992
12.800,93.8005,96.7688
12.900,93.7536,95.6805
13.000,93.7067,90.2887
13.100,93.6599,94.5137
13.200,93.6131,92.2837
13.300,93.5663,93.9593
13.400,93.5195,94.7497
13.500,93.4728,95.6287
13.600,93.4260,95.1160
13.700,93.3793,91.1751
13.800,93.3327,94.4356
13.900,93.2860,94.7780
14.000,93.2394,93.0375
14.100,93.1928,90.4984
14.200,93.1462,90.4884
14.300,93.0996,90.3567
14.400,93.0531,92.4241
14.500,93.0066,98.2431
14.600,92.9601,91.3830
14.700,92.9136,91.6647
14.800,92.8672,93.3750
14.900,92.8207,94.3801
15.000,92.7743,92.5779
15.100,92.7280,93.3395
15.200,92.6816,89.7582
15.300,92.6353,89.6988
15.400,92.5890,92.4419
15.500,92.5427,91.9336
15.600,92.4964,92.9989
15.700,92.4502,92.9280
15.800,92.4040,91.8504
15.900,92.3578,90.0150
16.000,92.3116,92.2559
16.100,92.2655,89.6538
16.200,92.2194,92.4756
16.300,92.1733,92.1887
16.400,92.1272,91.1256
16.500,92.0811,89.3987
16.600,92.0351,91.8354
16.700,91.9891,95.9601
16.800,91.9431,92.7260
16.900,91.8972,93.5396
17.000,91.8512,93.1338
17.100,91.8053,93.1481
17.200,91.7594,91.2491
17.300,91.7136,92.7835
17.400,91.6677,94.4290
17.500,91.6219,92.9771
17.600,91.5761,89.9599
17.700,91.5303,96.0013
17.800,91.4846,89.1341
17.900,91.4388,95.4739
18.000,91.3931,92.2955
18.100,91.3474,92.3144
18.200,91.3018,93.7014
18.300,91.2561,88.6774
18.400,91.2105,89.7595
18.500,91.1649,90.5456
18.600,91.1194,89.8342
18.700,91.0738,93.1453
18.800,91.0283,91.8958
18.900,90.9828,90.5128
19.000,90.9373,95.6768
19.100,90.8918,90.5387
19.200,90.8464,93.6859
19.300,90.8010,89.1249
19.400,90.7556,90.9901
19.500,90.7102,88.0034
19.600,90.6649,91.9535
19.700,90.6196,90.1627
19.800,90.5743,92.9384
19.900,90.5290,90.0233
20.000,90.4837,89.9428
20.100,90.4385,89.9152
20.200,90.3933,93.0584
20.300,90.3481,92.6255
20.400,90.3030,91.2177
20.500,90.2578,89.7482
20.600,90.2127,90.7070
20.700,90.1676,94.2909
20.800,90.1225,88.1391
20.900,90.0775,91.6922
21.000,90.0325,93.7038
21.100,89.9874,90.7400
21.200,89.9425,90.7561
21.300,89.8975,87.3959
21.400,89.8526,87.3951
21.500,89.8077,90.4199
21.600,89.7628,87.6916
21.700,89.7179,90.1203
21.800,89.6730,89.5613
21.900,89.6282,90.6948
22.000,89.5834,90.3034
22.100,89.5386,89.9671
22.200,89.4939,90.2101
22.300,89.4491,89.1402
22.400,89.4044,87.5435
22.500,89.3597,90.0396
22.600,89.3151,89.1222
22.700,89.2704,87.4451
22.800,89.2258,89.2414
22.900,89.1812,85.9542
23.000,89.1366,88.4363
23.100,89.0921,92.0065
23.200,89.0475,91.0264
23.300,89.0030,88.4960
23.400,88.9585,88.1768
23.500,88.9141,88.1806
23.600,88.8696,89.3319
23.700,88.8252,83.4482
23.800,88.7808,90.9034
23.900,88.7364,89.0160
24.000,88.6920,88.5315
24.100,88.6477,88.0588
24.200,88.6034,88.2641
24.300,88.5591,88.5067
24.400,88.5148,86.1886
24.500,88.4706,85.7659
24.600,88.4264,89.8617
24.700,88.3822,90.3689
24.800,88.3380,88.1342
24.900,88.2938,83.4455
25.000,88.2497,87.1916
25.100,88.2056,88.9986
25.200,88.1615,88.3760
25.300,88.1174,88.7222
25.400,88.0734,87.2212
25.500,88.0293,84.7421
25.600,87.9853,86.6391
25.700,87.9414,88.6599
25.800,87.8974,87.4131
25.900,87.8535,82.9585
26.000,87.8095,85.1558
26.100,87.7656,88.8114
26.200,87.7218,87.7267
26.300,87.6779,88.2984
26.400,87.6341,87.3079
26.500,87.5903,89.0577
26.600,87.5465,87.8548
26.700,87.5027,83.9332
26.800,87.4590,87.5215
26.900,87.4153,84.3785
27.000,87.3716,87.5350
27.100,87.3279,87.3715
27.200,87.2843,86.9843
27.300,87.2406,85.7291
27.400,87.1970,87.2601
27.500,87.1534,85.3403
27.600,87.1099,86.7658
27.700,87.0663,87.0551
27.800,87.0228,90.1460
27.900,86.9793,85.2944
28.000,86.9358,89.7278
28.100,86.8924,88.9813
28.200,86.8489,85.7661
28.300,86.8055,85.9223
28.400,86.7621,81.8067
28.500,86.7188,90.5619
28.600,86.6754,87.7705
28.700,86.6321,89.1729
28.800,86.5888,88.3022
28.900,86.5455,84.9300
29.000,86.5022,90.3707
29.100,86.4590,85.3198
29.200,86.4158,82.5868
29.300,86.3726,87.5681
29.400,86.3294,87.1294
29.500,86.2862,88.2115
29.600,86.2431,84.9629
29.700,86.2000,87.4730
29.800,86.1569,81.3650
29.900,86.1138,88.4297
30.000,86.0708,86.2669
30.100,86.0278,87.6108
30.200,85.9848,87.7426
30.300,85.9418,87.7955
30.400,85.8988,87.1879
30.500,85.8559,86.3292
30.600,85.8130,86.7546
30.700,85.7701,83.9255
30.800,85.7272,87.1390
30.900,85.6843,84.9913
31.000,85.6415,89.2415
31.100,85.5987,83.8698
31.200,85.5559,88.0509
31.300,85.5132,88.1961
31.400,85.4704,86.9268
31.500,85.4277,86.4847
31.600,85.3850,86.9955
31.700,85.3423,84.0223
31.800,85.2996,82.2622
31.900,85.2570,85.3396
32.000,85.2144,83.9047
32.100,85.1718,83.2172
32.200,85.1292,88.6165
32.300,85.0867,87.8493
32.400,85.0441,90.0131
32.500,85.0016,83.7389
32.600,84.9591,87.6148
32.700,84.9166,86.9201
32.800,84.8742,84.9263
32.900,84.8318,85.3725
33.000,84.7894,85.2805
33.100,84.7470,81.7615
33.200,84.7046,85.7318
33.300,84.6623,85.0887
33.400,84.6200,82.7789
33.500,84.5777,83.6671
33.600,84.5354,84.4163
33.700,84.4931,81.7579
33.800,84.4509,83.1326
33.900,84.4087,84.1143
34.000,84.3665,85.3469
34.100,84.3243,88.7489
34.200,84.2822,83.5329
34.300,84.2400,83.8433
34.400,84.1979,85.7936
34.500,84.1558,84.4301
34.600,84.1138,86.8128
34.700,84.0717,83.1974
34.800,84.0297,84.4734
34.900,83.9877,82.4009
35.000,83.9457,81.7202
35.100,83.9037,82.5568
35.200,83.8618,84.5841
35.300,83.8199,82.0801
35.400,83.7780,87.0128
35.500,83.7361,85.6234
35.600,83.6942,83.4583
35.700,83.6524,81.0129
35.800,83.6106,83.2291
35.900,83.5688,87.8762
36.000,83.5270,85.2758
36.100,83.4853,83.6850
36.200,83.4435,81.2760
36.300,83.4018,81.8587
36.400,83.3601,83.1173
36.500,83.3185,83.0230
36.600,83.2768,87.3804
36.700,83.2352,83.8290
36.800,83.1936,84.0953
36.900,83.1520,84.2624
37.000,83.1104,79.7898
37.100,83.0689,85.4489
37.200,83.0274,82.5565
37.300,82.9859,88.1856
37.400,82.9444,83.2190
37.500,82.9029,82.5067
37.600,82.8615,82.2719
37.700,82.8201,81.8563
37.800,82.7787,84.1693
37.900,82.7373,81.5772
38.000,82.6959,83.6510
38.100,82.6546,81.0487
38.200,82.6133,79.0875
38.300,82.5720,82.9301
38.400,82.5307,81.6547
38.500,82.4894,84.5740
38.600,82.4482,84.3357
38.700,82.4070,82.9774
38.800,82.3658,82.9570
38.900,82.3246,82.6179
39.000,82.2835,80.0270
39.100,82.2423,78.2742
39.200,82.2012,82.5033
39.300,82.1601,82.5625
39.400,82.1191,79.8444
39.500,82.0780,81.1276
39.600,82.0370,79.5733
39.700,81.9960,85.4131
39.800,81.9550,80.7794
39.900,81.9140,81.4813
40.000,81.8731,76.6285
40.100,81.8321,79.3782
40.200,81.7912,81.9970
40.300,81.7504,80.4017
40.400,81.7095,81.3712
40.500,81.6686,78.3195
40.600,81.6278,77.9155
40.700,81.5870,82.2369
40.800,81.5462,83.2544
40.900,81.5055,83.7892
41.000,81.4647,82.9699
41.100,81.4240,86.0592
41.200,81.3833,84.3353
41.300,81.3426,85.9186
41.400,81.3020,83.9157
41.500,81.2613,77.9019
41.600,81.2207,81.7434
41.700,81.1801,82.3744
41.800,81.1395,77.9083
41.900,81.0990,81.9478
42.000,81.0584,82.0150
42.100,81.0179,82.1687
42.200,80.9774,79.4797
42.300,80.9369,81.9331
42.400,80.8965,82.5939
42.500,80.8560,78.2091
42.600,80.8156,82.8446
42.700,80.7752,81.0059
42.800,80.7348,82.5774
42.900,80.6945,81.8689
43.000,80.6541,81.0277
43.100,80.6138,79.5361
43.200,80.5735,82.8498
43.300,80.5333,84.1916
43.400,80.4930,76.1454
43.500,80.4528,81.2048
43.600,80.4125,81.0642
43.700,80.3723,78.0901
43.800,80.3322,81.0422
43.900,80.2920,77.3161
44.000,80.2519,81.1407
44.100,80.2118,83.5632
44.200,80.1717,79.4889
44.300,80.1316,80.2240
44.400,80.0915,80.8819
44.500,80.0515,80.9187
44.600,80.0115,83.7651
44.700,79.9715,79.5659
44.800,79.9315,81.0796
44.900,79.8916,74.9520
45.000,79.8516,78.8784
45.100,79.8117,81.4879
45.200,79.7718,81.5288
45.300,79.7319,77.1336
45.400,79.6921,81.2075
45.500,79.6522,81.3905
45.600,79.6124,78.6608
45.700,79.5726,80.8017
45.800,79.5329,76.5265
45.900,79.4931,78.5524
46.000,79.4534,74.7621
46.100,79.4136,76.9187
46.200,79.3739,75.0241
46.300,79.3343,79.9595
46.400,79.2946,83.2461
46.500,79.2550,76.9238
46.600,79.2154,78.2280
46.700,79.1758,79.7884
46.800,79.1362,73.9856
46.900,79.0966,80.4561
47.000,79.0571,81.0097
47.100,79.0176,80.1301
47.200,78.9781,78.6643
47.300,78.9386,76.3172
47.400,78.8991,81.6060
47.500,78.8597,81.3305
47.600,78.8203,77.4409
47.700,78.7809,82.1370
47.800,78.7415,77.7677
47.900,78.7021,79.0617
48.000,78.6628,77.7329
48.100,78.6235,80.1423
48.200,78.5842,73.6242
48.300,78.5449,79.3997
48.400,78.5056,76.3604
48.500,78.4664,80.1798
48.600,78.4272,75.7791
48.700,78.3879,80.1165
48.800,78.3488,77.7728
48.900,78.3096,77.2638
49.000,78.2705,76.7150
49.100,78.2313,78.9092
49.200,78.1922,77.8126
49.300,78.1531,78.1689
49.400,78.1141,77.9354
49.500,78.0750,76.7334
49.600,78.0360,77.1586
49.700,77.9970,78.0943
49.800,77.9580,75.6553
49.900,77.9190,77.2454
50.000,77.8801,74.9442
50.100,77.8411,76.6140
50.200,77.8022,75.3445
50.300,77.7633,78.9081
50.400,77.7245,78.0304
50.500,77.6856,79.8099
50.600,77.6468,77.7825
50.700,77.6080,72.4309
50.800,77.5692,78.0869
50.900,77.5304,77.5920
51.000,77.4916,73.8692
51.100,77.4529,76.7807
51.200,77.4142,77.6940
51.300,77.3755,79.5860
51.400,77.3368,76.4950
51.500,77.2982,76.4302
51.600,77.2595,77.3730
51.700,77.2209,73.5800
51.800,77.1823,78.9410
51.900,77.1437,76.3895
52.000,77.1052,75.7359
52.100,77.0666,79.5725
52.200,77.0281,76.0016
52.300,76.9896,78.6033
52.400,76.9511,76.3193
52.500,76.9126,79.1981
52.600,76.8742,77.2209
52.700,76.8358,82.8911
52.800,76.7974,75.6309
52.900,76.7590,75.7232
53.000,76.7206,73.3828
53.100,76.6822,78.6320
53.200,76.6439,78.5604
53.300,76.6056,75.3692
53.400,76.5673,75.3766
53.500,76.5290,73.6066
53.600,76.4908,76.8680
53.700,76.4525,79.0698
53.800,76.4143,74.6962
53.900,76.3761,78.2434
54.000,76.3379,72.1831
54.100,76.2998,76.3855
54.200,76.2616,76.2663
54.300,76.2235,76.8494
54.400,76.1854,76.8383
54.500,76.1473,77.9136
54.600,76.1093,82.5341
54.700,76.0712,75.9972
54.800,76.0332,70.9284
54.900,75.9952,74.5933
55.000,75.9572,76.3716
55.100,75.9192,75.7898
55.200,75.8813,73.6692
55.300,75.8434,75.7726
55.400,75.8054,76.8186
55.500,75.7676,75.9424
55.600,75.7297,74.5674
55.700,75.6918,77.0737
55.800,75.6540,76.8229
55.900,75.6162,76.6960
56.000,75.5784,72.6046
56.100,75.5406,75.0201
56.200,75.5028,73.4054
56.300,75.4651,73.1830
56.400,75.4274,76.7633
56.500,75.3897,76.7958
56.600,75.3520,73.9589
56.700,75.3143,72.4746
56.800,75.2767,75.8366
56.900,75.2390,77.4644
57.000,75.2014,74.5170
57.100,75.1638,78.3654
57.200,75.1263,78.6512
57.300,75.0887,79.8360
57.400,75.0512,73.1359
57.500,75.0137,76.8696
57.600,74.9762,70.9781
57.700,74.9387,67.7260
57.800,74.9012,76.4920
57.900,74.8638,73.7921
58.000,74.8264,75.1823
58.100,74.7890,76.1237
58.200,74.7516,72.3131
58.300,74.7142,74.3687
58.400,74.6769,71.7317
58.500,74.6395,73.7160
58.600,74.6022,77.4694
58.700,74.5649,75.5610
58.800,74.5276,70.3882
58.900,74.4904,75.1830
59.000,74.4532,73.2176
59.100,74.4159,76.6799
59.200,74.3787,73.6120
59.300,74.3416,74.3321
59.400,74.3044,75.4154
59.500,74.2673,75.1118
59.600,74.2301,69.7399
59.700,74.1930,72.1583
59.800,74.1559,77.0387
59.900,74.1189,75.8146
60.000,74.0818,72.4809
60.100,74.0448,75.9778
60.200,74.0078,77.9616
60.300,73.9708,77.3761
60.400,73.9338,69.6452
60.500,73.8968,79.6160
60.600,73.8599,75.6153
60.700,73.8230,80.8754
60.800,73.7861,71.7990
60.900,73.7492,75.7703
61.000,73.7123,75.7326
61.100,73.6755,74.6176
61.200,73.6387,73.5821
61.300,73.6019,74.4845
61.400,73.5651,69.8458
61.500,73.5283,74.4766
61.600,73.4915,70.9835
61.700,73.4548,74.9982
61.800,73.4181,77.1587
61.900,73.3814,73.6258
62.000,73.3447,74.9694
62.100,73.3080,72.0862
62.200,73.2714,75.4263
62.300,73.2348,72.7036
62.400,73.1982,70.7502
62.500,73.1616,71.9422
62.600,73.1250,75.5298
62.700,73.0884,71.5967
62.800,73.0519,73.1990
62.900,73.0154,73.0987
63.000,72.9789,74.9234
63.100,72.9424,69.1005
63.200,72.9059,71.0052
63.300,72.8695,72.3198
63.400,72.8331,73.4777
63.500,72.7967,78.1863
63.600,72.7603,68.5844
63.700,72.7239,72.0368
63.800,72.6876,69.8890
63.900,72.6512,68.4189
64.000,72.6149,69.8741
64.100,72.5786,70.5895
64.200,72.5423,73.6525
64.300,72.5061,68.2380
64.400,72.4698,73.1386
64.500,72.4336,75.4768
64.600,72.3974,74.4922
64.700,72.3612,70.7856
64.800,72.3250,72.0621
64.900,72.2889,72.6201
65.000,72.2527,74.4319
65.100,72.2166,72.7939
65.200,72.1805,73.1640
65.300,72.1444,74.4112
65.400,72.1084,70.0406
65.500,72.0723,71.6657
65.600,72.0363,72.3182
65.700,72.0003,70.0137
65.800,71.9643,71.3144
65.900,71.9283,70.7755
66.000,71.8924,70.2427
66.100,71.8564,72.9429
66.200,71.8205,74.6682
66.300,71.7846,72.5974
66.400,71.7487,69.6637
66.500,71.7129,68.3280
66.600,71.6770,68.8085
66.700,71.6412,71.3509
66.800,71.6054,71.4111
66.900,71.5696,72.8454
67.000,71.5338,76.0924
67.100,71.4981,70.8378
67.200,71.4623,70.7929
67.300,71.4266,74.3561
67.400,71.3909,68.3367
67.500,71.3552,73.6979
67.600,71.3195,73.2200
67.700,71.2839,74.2979
67.800,71.2482,71.2324
67.900,71.2126,72.8008
68.000,71.1770,72.4139
68.100,71.1415,70.8576
68.200,71.1059,70.2240
68.300,71.0703,70.6408
68.400,71.0348,74.6187
68.500,70.9993,72.6136
68.600,70.9638,74.2383
68.700,70.9283,69.4824
68.800,70.8929,70.9476
68.900,70.8575,71.6092
69.000,70.8220,70.5144
69.100,70.7866,72.3029
69.200,70.7512,70.3800
69.300,70.7159,71.1830
69.400,70.6805,69.7440
69.500,70.6452,73.3664
69.600,70.6099,69.9486
69.700,70.5746,70.6761
69.800,70.5393,72.2671
69.900,70.5041,76.7323
70.000,70.4688,73.6666
70.100,70.4336,74.2150
70.200,70.3984,68.6017
70.300,70.3632,76.5161
70.400,70.3280,72.2108
70.500,70.2929,71.4451
70.600,70.2577,70.9190
70.700,70.2226,70.7268
70.800,70.1875,69.2395
70.900,70.1524,72.6124
71.000,70.1173,72.1544
71.100,70.0823,71.6754
71.200,70.0473,73.0225
71.300,70.0122,71.2929
71.400,69.9772,68.7998
71.500,69.9423,72.8010
71.600,69.9073,63.7600
71.700,69.8724,72.0211
71.800,69.8374,72.3467
71.900,69.8025,69.2737
72.000,69.7676,67.5496
72.100,69.7328,69.4513
72.200,69.6979,67.4522
72.300,69.6631,65.7382
72.400,69.6282,70.8637
72.500,69.5934,68.0646
72.600,69.5586,72.2602
72.700,69.5239,69.6893
72.800,69.4891,65.2332
72.900,69.4544,63.1115
73.000,69.4197,68.8623
73.100,69.3850,68.4896
73.200,69.3503,68.1996
73.300,69.3156,70.2410
73.400,69.2810,66.8387
73.500,69.2463,69.3421
73.600,69.2117,70.2234
73.700,69.1771,66.5250
73.800,69.1425,65.1160
73.900,69.1080,72.5105
74.000,69.0734,66.0167
74.100,69.0389,66.8440
74.200,69.0044,65.7598
74.300,68.9699,68.6381
74.400,68.9354,67.6885
74.500,68.9010,69.1594
74.600,68.8665,71.3742
74.700,68.8321,74.5250
74.800,68.7977,70.1093
74.900,68.7633,67.6154
75.000,68.7289,68.8677
75.100,68.6946,70.2300
75.200,68.6602,69.3578
75.300,68.6259,72.3056
75.400,68.5916,69.0959
75.500,68.5573,67.0076
75.600,68.5231,69.0406
75.700,68.4888,67.0522
75.800,68.4546,67.0277
75.900,68.4203,71.5286
76.000,68.3861,71.6601
76.100,68.3520,69.2245
76.200,68.3178,71.2865
76.300,68.2836,70.8689
76.400,68.2495,67.3179
76.500,68.2154,65.6696
76.600,68.1813,67.4183
76.700,68.1472,65.3714
76.800,68.1131,63.6958
76.900,68.0791,70.0116
77.000,68.0451,67.3502
77.100,68.0110,71.5640
77.200,67.9771,68.8387
77.300,67.9431,73.3973
77.400,67.9091,65.3784
77.500,67.8752,71.8634
77.600,67.8412,73.5453
77.700,67.8073,66.2267
77.800,67.7734,69.3490
77.900,67.7395,63.1888
78.000,67.7057,69.8817
78.100,67.6718,67.0059
78.200,67.6380,66.9998
78.300,67.6042,70.5615
78.400,67.5704,69.5098
78.500,67.5366,67.7011
78.600,67.5029,65.5842
78.700,67.4691,69.6865
78.800,67.4354,66.2559
78.900,67.4017,66.8274
79.000,67.3680,69.2188
79.100,67.3343,67.9523
79.200,67.3007,63.9739
79.300,67.2670,67.8169
79.400,67.2334,65.8901
79.500,67.1998,66.4504
79.600,67.1662,65.8579
79.700,67.1326,65.7894
79.800,67.0991,67.9148
79.900,67.0655,67.3024
80.000,67.0320,67.0411
80.100,66.9985,64.2146
80.200,66.9650,68.4250
80.300,66.9315,66.3238
80.400,66.8981,63.5311
80.500,66.8646,68.3595
80.600,66.8312,69.5366
80.700,66.7978,65.9669
80.800,66.7644,66.5888
80.900,66.7310,67.8254
81.000,66.6977,64.7576
81.100,66.6643,65.8662
81.200,66.6310,65.3430
81.300,66.5977,67.6114
81.400,66.5644,64.5277
81.500,66.5311,65.6815
81.600,66.4979,71.4703
81.700,66.4646,61.9096
81.800,66.4314,60.6237
81.900,66.3982,64.6695
82.000,66.3650,66.9208
82.100,66.3319,64.3808
82.200,66.2987,63.0783
82.300,66.2656,65.2399
82.400,66.2324,66.6742
82.500,66.1993,66.4454
82.600,66.1662,65.9987
82.700,66.1332,67.1814
82.800,66.1001,63.2858
82.900,66.0671,67.4480
83.000,66.0340,65.6854
83.100,66.0010,65.5716
83.200,65.9680,66.5924
83.300,65.9351,65.2307
83.400,65.9021,66.8662
83.500,65.8691,64.3327
83.600,65.8362,64.4850
83.700,65.8033,68.3486
83.800,65.7704,68.6905
83.900,65.7375,65.6277
84.000,65.7047,67.3115
84.100,65.6718,64.8167
84.200,65.6390,67.3487
84.300,65.6062,65.3184
84.400,65.5734,65.6516
84.500,65.5406,62.5339
84.600,65.5079,63.5663
84.700,65.4751,66.9799
84.800,65.4424,63.2127
84.900,65.4097,64.7413
85.000,65.3770,68.1042
85.100,65.3443,65.5704
85.200,65.3116,61.2600
85.300,65.2790,65.2473
85.400,65.2464,63.3169
85.500,65.2137,64.5905
85.600,65.1811,62.4116
85.700,65.1486,64.1045
85.800,65.1160,70.3967
85.900,65.0834,65.9537
86.000,65.0509,66.7091
86.100,65.0184,66.6898
86.200,64.9859,66.2036
86.300,64.9534,69.1750
86.400,64.9209,65.8012
86.500,64.8885,65.5469
86.600,64.8560,63.5212
86.700,64.8236,67.3804
86.800,64.7912,65.9150
86.900,64.7588,60.8124
87.000,64.7265,62.1126
87.100,64.6941,66.0946
87.200,64.6618,63.1158
87.300,64.6294,70.3286
87.400,64.5971,69.9532
87.500,64.5649,60.7262
87.600,64.5326,70.3328
87.700,64.5003,65.2446
87.800,64.4681,65.9734
87.900,64.4359,65.5440
88.000,64.4036,64.3356
88.100,64.3714,65.2922
88.200,64.3393,63.6718
88.300,64.3071,62.8423
88.400,64.2750,68.5826
88.500,64.2428,63.5603
88.600,64.2107,64.8260
88.700,64.1786,58.6397
88.800,64.1465,60.6700
88.900,64.1145,65.0903
89.000,64.0824,63.8099
89.100,64.0504,68.8413
89.200,64.0184,63.8323
89.300,63.9864,62.9779
89.400,63.9544,63.2422
89.500,63.9224,63.8733
89.600,63.8905,67.2169
89.700,63.8585,63.9980
89.800,63.8266,66.6734
89.900,63.7947,60.4439
90.000,63.7628,61.4554
90.100,63.7309,63.1449
90.200,63.6991,64.7959
90.300,63.6672,61.6709
90.400,63.6354,61.5142
90.500,63.6036,67.4623
90.600,63.5718,63.3544
90.700,63.5400,62.3276
90.800,63.5083,64.8752
90.900,63.4765,63.6953
91.000,63.4448,62.5027
91.100,63.4131,61.2166
91.200,63.3814,66.9954
91.300,63.3497,62.4806
91.400,63.3180,63.7550
91.500,63.2864,65.1026
91.600,63.2547,62.2205
91.700,63.2231,61.7183
91.800,63.1915,59.1138
91.900,63.1599,62.1111
92.000,63.1284,63.4913
92.100,63.0968,60.8082
92.200,63.0653,58.3472
92.300,63.0337,59.0808
92.400,63.0022,65.7962
92.500,62.9707,65.9454
92.600,62.9393,61.8915
92.700,62.9078,60.9373
92.800,62.8764,63.3045
92.900,62.8449,62.0029
93.000,62.8135,66.0461
93.100,62.7821,61.7693
93.200,62.7507,66.0499
93.300,62.7194,65.1762
93.400,62.6880,64.2024
93.500,62.6567,62.5725
93.600,62.6254,61.7254
93.700,62.5940,63.5256
93.800,62.5628,60.5448
93.900,62.5315,61.5342
94.000,62.5002,61.0082
94.100,62.4690,62.7085
94.200,62.4378,65.3889
94.300,62.4065,60.9361
94.400,62.3754,62.6411
94.500,62.3442,61.2957
94.600,62.3130,65.7329
94.700,62.2819,62.0886
94.800,62.2507,61.4807
94.900,62.2196,66.3507
95.000,62.1885,60.5714
95.100,62.1574,61.9352
95.200,62.1263,61.5088
95.300,62.0953,56.3190
95.400,62.0643,60.4765
95.500,62.0332,59.9622
95.600,62.0022,61.4573
95.700,61.9712,62.8401
95.800,61.9402,60.6395
95.900,61.9093,61.9559
96.000,61.8783,61.2422
96.100,61.8474,62.7886
96.200,61.8165,60.0017
96.300,61.7856,60.4218
96.400,61.7547,62.7279
96.500,61.7238,63.8174
96.600,61.6930,62.2797
96.700,61.6621,61.6320
96.800,61.6313,61.0188
96.900,61.6005,61.2108
97.000,61.5697,62.8757
97.100,61.5389,63.5714
97.200,61.5082,64.5494
97.300,61.4774,61.3288
97.400,61.4467,62.6790
97.500,61.4160,62.3274
97.600,61.3853,57.3660
97.700,61.3546,63.1947
97.800,61.3239,60.8989
97.900,61.2933,60.5657
98.000,61.2626,60.2993
98.100,61.2320,61.7022
98.200,61.2014,57.5728
98.300,61.1708,60.7983
98.400,61.1402,60.2570
98.500,61.1097,64.0804
98.600,61.0791,63.9837
98.700,61.0486,64.1576
98.800,61.0181,63.9109
98.900,60.9876,59.7045
99.000,60.9571,61.8590
99.100,60.9266,61.6542
99.200,60.8962,62.2094
99.300,60.8657,59.3984
99.400,60.8353,58.7258
99.500,60.8049,60.8110
99.600,60.7745,59.9617
99.700,60.7441,61.0212
99.800,60.7137,63.1340
99.900,60.6834,57.4620
100.000,60.6531,61.0867
100.100,60.6227,60.4098
100.200,60.5924,59.1408
100.300,60.5622,59.0130
100.400,60.5319,57.9422
100.500,60.5016,59.4823
100.600,60.4714,61.2669
100.700,60.4412,58.7178
100.800,60.4109,58.8612
100.900,60.3807,63.3977
101.000,60.3506,60.7424
101.100,60.3204,61.1973
101.200,60.2902,58.8524
101.300,60.2601,56.5967
101.400,60.2300,58.3775
101.500,60.1999,61.1952
101.600,60.1698,60.8035
101.700,60.1397,55.3653
101.800,60.1096,61.4849
101.900,60.0796,59.1447
102.000,60.0496,64.2277
102.100,60.0195,59.1385
102.200,59.9895,57.6267
102.300,59.9596,55.7020
102.400,59.9296,61.6567
102.500,59.8996,65.1631
102.600,59.8697,56.8515
102.700,59.8398,60.9683
102.800,59.8098,59.0435
102.900,59.7799,60.7772
103.000,59.7501,54.0477
103.100,59.7202,58.8786
103.200,59.6903,61.0913
103.300,59.6605,61.3617
103.400,59.6307,64.7914
103.500,59.6009,58.5563
103.600,59.5711,53.8023
103.700,59.5413,59.0955
103.800,59.5115,61.0773
103.900,59.4818,59.1917
104.000,59.4521,61.7484
104.100,59.4223,58.5488
104.200,59.3926,56.3060
104.300,59.3629,61.1683
104.400,59.3333,60.1397
104.500,59.3036,59.7109
104.600,59.2740,61.5766
104.700,59.2443,60.2515
104.800,59.2147,62.9409
104.900,59.1851,60.7263
105.000,59.1555,60.7224
105.100,59.1260,58.3744
105.200,59.0964,59.8147
105.300,59.0669,60.6632
105.400,59.0373,61.6969
105.500,59.0078,55.3094
105.600,58.9783,57.2922
105.700,58.9489,60.4241
105.800,58.9194,56.8576
105.900,58.8899,56.3343
106.000,58.8605,59.0196
106.100,58.8311,56.6423
106.200,58.8017,54.3144
106.300,58.7723,59.8971
106.400,58.7429,55.7773
106.500,58.7135,56.9779
106.600,58.6842,56.4830
106.700,58.6548,58.8800
106.800,58.6255,54.3125
106.900,58.5962,58.0244
107.000,58.5669,55.9167
107.100,58.5377,58.8684
107.200,58.5084,57.2665
107.300,58.4791,58.1775
107.400,58.4499,60.0547
107.500,58.4207,58.6904
107.600,58.3915,60.7526
107.700,58.3623,58.4629
107.800,58.3331,51.9006
107.900,58.3040,58.2813
108.000,58.2748,60.0159
108.100,58.2457,58.9910
108.200,58.2166,56.1320
108.300,58.1875,57.6664
108.400,58.1584,57.2184
108.500,58.1293,57.9395
108.600,58.1003,58.9881
108.700,58.0712,60.8400
108.800,58.0422,55.1472
108.900,58.0132,58.3361
109.000,57.9842,56.9229
109.100,57.9552,56.1859
109.200,57.9262,59.8293
109.300,57.8973,55.6126
109.400,57.8683,55.8385
109.500,57.8394,57.1921
109.600,57.8105,59.7945
109.700,57.7816,57.4269
109.800,57.7527,58.2563
109.900,57.7238,57.7080
110.000,57.6950,57.3576
110.100,57.6661,60.6789
110.200,57.6373,57.5436
110.300,57.6085,59.0785
110.400,57.5797,58.7689
110.500,57.5509,59.2555
110.600,57.5222,54.4783
110.700,57.4934,57.2359
110.800,57.4647,54.0751
110.900,57.4359,60.4916
111.000,57.4072,60.1756
111.100,57.3785,57.8427
111.200,57.3498,56.8959
111.300,57.3212,58.6774
111.400,57.2925,55.0371
111.500,57.2639,56.5587
111.600,57.2353,56.9167
111.700,57.2067,59.4890
111.800,57.1781,55.6500
111.900,57.1495,56.1668
112.000,57.1209,55.7801
112.100,57.0924,59.7814
112.200,57.0638,52.5646
112.300,57.0353,55.4467
112.400,57.0068,57.7507
112.500,56.9783,56.0601
112.600,56.9498,57.2523
112.700,56.9213,56.8065
112.800,56.8929,58.3158
112.900,56.8644,58.7166
113.000,56.8360,54.4286
113.100,56.8076,58.8711
113.200,56.7792,57.3473
113.300,56.7508,56.7471
113.400,56.7225,52.4939
113.500,56.6941,50.4780
113.600,56.6658,56.3980
113.700,56.6374,56.6852
113.800,56.6091,55.8337
113.900,56.5808,57.8946
114.000,56.5525,57.4520
114.100,56.5243,56.2181
114.200,56.4960,58.0527
114.300,56.4678,54.8822
114.400,56.4396,56.2863
114.500,56.4113,56.2212
114.600,56.3831,57.9150
114.700,56.3550,57.5976
114.800,56.3268,52.3187
114.900,56.2986,57.7905
115.000,56.2705,53.8117
115.100,56.2424,57.6545
115.200,56.2142,55.7216
115.300,56.1861,54.2164
115.400,56.1581,58.9642
115.500,56.1300,55.2514
115.600,56.1019,52.6971
115.700,56.0739,56.9427
115.800,56.0459,57.2509
115.900,56.0178,55.8038
116.000,55.9898,53.4383
116.100,55.9618,59.7067
116.200,55.9339,54.4738
116.300,55.9059,55.9498
116.400,55.8780,57.5545
116.500,55.8500,53.8586
116.600,55.8221,53.8619
116.700,55.7942,56.6679
116.800,55.7663,53.7828
116.900,55.7384,54.6288
117.000,55.7106,57.1460
117.100,55.6827,57.2412
117.200,55.6549,55.2352
117.300,55.6271,53.8445
117.400,55.5993,56.7431
117.500,55.5715,52.7785
117.600,55.5437,57.2324
117.700,55.5159,55.9467
117.800,55.4882,55.1561
117.900,55.4605,51.9677
118.000,55.4327,53.7011
118.100,55.4050,59.0645
118.200,55.3773,55.6161
118.300,55.3496,51.8932
118.400,55.3220,52.2783
118.500,55.2943,55.9033
118.600,55.2667,58.7018
118.700,55.2391,58.6506
118.800,55.2114,56.1791
118.900,55.1838,55.4266
119.000,55.1563,57.2708
119.100,55.1287,53.3898
119.200,55.1011,56.4994
119.300,55.0736,52.4699
119.400,55.0461,50.8746
119.500,55.0185,54.8622
119.600,54.9910,52.5532
119.700,54.9635,53.4292
119.800,54.9361,52.0829
119.900,54.9086,55.1210
